Feature ID,Category,Sub-Category,Parameter/Rule,OS,Annexure Reference
F-WIN-101,Account Policies,Password Policy,Ensure 'Enforce password history' is set to '24 or more password(s)',Windows,1.a.i
F-WIN-102,Account Policies,Password Policy,"Ensure 'Maximum password age' is set to '90 days, but not 0'",Windows,1.a.ii
F-WIN-103,Account Policies,Password Policy,Ensure 'Minimum password age' is set to '1 day',Windows,1.a.iii
F-WIN-104,Account Policies,Password Policy,Ensure 'Minimum password length' is set to '12 or more character(s)',Windows,1.a.iv
F-WIN-105,Account Policies,Password Policy,Ensure 'Password must meet complexity requirements' is set to 'Enabled',Windows,1.a.v
F-WIN-106,Account Policies,Password Policy,Ensure 'Store passwords using reversible encryption' is set to 'Disabled',Windows,1.a.vi
F-WIN-107,Account Policies,Account Lockout Policy,Ensure 'Account lockout duration' is set to '15 or more minute(s)',Windows,1.b.i
F-WIN-108,Account Policies,Account Lockout Policy,"Ensure 'Account lockout threshold' is set to '5 or fewer invalid logon attempt(s), but not 0'",Windows,1.b.ii
F-WIN-109,Account Policies,Account Lockout Policy,Ensure 'Allow Administrator account lockout' is set to 'Enabled' (Manual),Windows,1.b.iii
F-WIN-201,Local Policies,User Rights Assignment,Ensure 'Access Credential Manager as a trusted caller' is set to 'No One',Windows,2.a.i
F-WIN-202,Local Policies,User Rights Assignment,"Ensure 'Access this computer from the network' is set to 'Administrators, Remote Desktop Users'",Windows,2.a.ii
F-WIN-203,Local Policies,User Rights Assignment,"Ensure 'Adjust memory quotas for a process' is set to 'Administrators, LOCAL SERVICE, NETWORK SERVICE'",Windows,2.a.iii
F-WIN-204,Local Policies,User Rights Assignment,"Ensure 'Allow log on locally' is set to 'Administrators, Users'",Windows,2.a.iv
F-WIN-205,Local Policies,User Rights Assignment,Ensure 'Back up files and directories' is set to 'Administrators',Windows,2.a.v
F-WIN-206,Local Policies,User Rights Assignment,"Ensure 'Change the system time' is set to 'Administrators, LOCAL SERVICE'",Windows,2.a.vi
F-WIN-207,Local Policies,User Rights Assignment,"Ensure 'Change the time zone' is set to 'Administrators, LOCAL SERVICE, Users'",Windows,2.a.vii
F-WIN-301,Security Options,Accounts,Ensure 'Accounts: Block Microsoft accounts' is set to 'Users can't add or log on with Microsoft accounts',Windows,3.a.i
F-WIN-302,Security Options,Accounts,Ensure 'Accounts: Guest account status' is set to 'Disabled',Windows,3.a.ii
F-WIN-303,Security Options,Accounts,Ensure 'Accounts: Limit local account use of blank passwords to console logon only' is set to 'Enabled',Windows,3.a.iii
F-WIN-304,Security Options,Accounts,Configure 'Accounts: Rename administrator account',Windows,3.a.iv
F-WIN-305,Security Options,Accounts,Configure 'Accounts: Rename guest account',Windows,3.a.v
F-WIN-306,Security Options,Interactive logon,Ensure 'Interactive logon: Do not require CTRL+ALT+DEL' is set to 'Disabled',Windows,3.b.i
F-WIN-307,Security Options,Interactive logon,Ensure 'Interactive logon: Don't display last signed in' is set to 'Enabled',Windows,3.b.ii
F-WIN-308,Security Options,Interactive logon,"Ensure 'Interactive logon: Machine account lockout threshold' is set to '10 or fewer invalid logon attempts, but not 0'",Windows,3.b.iii
F-WIN-309,Security Options,Interactive logon,"Ensure 'Interactive logon: Machine inactivity limit' is set to '900 or fewer second(s), but not 0'",Windows,3.b.iv
F-WIN-310,Security Options,Interactive logon,Configure 'Interactive logon: Message text for users attempting to log on',Windows,3.b.v
F-WIN-311,Security Options,Interactive logon,Configure 'Interactive logon: Message title for users attempting to log on',Windows,3.b.vi
F-WIN-312,Security Options,Interactive logon,Ensure 'Interactive logon: Prompt user to change password before expiration' is set to 'between 5 and 14 days',Windows,3.b.vii
F-WIN-313,Security Options,Microsoft network server,Ensure 'Microsoft network server: Amount of idle time required before suspending session' is set to '15 or fewer minute(s)',Windows,3.c.i
F-WIN-314,Security Options,Microsoft network server,Ensure 'Microsoft network server: Disconnect clients when logon hours expire' is set to 'Enabled',Windows,3.c.ii
F-WIN-315,Security Options,Microsoft network server,Ensure 'Network access: Allow anonymous SID/Name translation' is set to 'Disabled',Windows,3.c.iii
F-WIN-316,Security Options,Microsoft network server,Ensure 'Network access: Do not allow anonymous enumeration of SAM accounts' is set to 'Enabled',Windows,3.c.iv
F-WIN-317,Security Options,Microsoft network server,Ensure 'Network access: Do not allow anonymous enumeration of SAM accounts and shares' is set to 'Enabled',Windows,3.c.v
F-WIN-318,Security Options,Microsoft network server,Ensure 'Network access: Do not allow storage of passwords and credentials for network authentication' is set to 'Enabled',Windows,3.c.vi
F-WIN-319,Security Options,Microsoft network server,Ensure 'Network access: Let Everyone permissions apply to anonymous users' is set to 'Disabled',Windows,3.c.vii
F-WIN-320,Security Options,Network security,"Ensure 'Network security: Configure encryption types allowed for Kerberos' is set to 'AES128_HMAC_SHA1, AES256_HMAC_SHA1, Future encryption types'",Windows,3.d.i
F-WIN-321,Security Options,Network security,Ensure 'Network security: Do not store LAN Manager hash value on next password change' is set to 'Enabled',Windows,3.d.ii
F-WIN-322,Security Options,Network security,Ensure 'Network security: LDAP client signing requirements' is set to 'Negotiate signing' or higher,Windows,3.d.iii
F-WIN-323,Security Options,Network security,"Ensure 'Network security: Minimum session security for NTLM SSP based (including secure RPC) clients' is set to 'Require NTLMv2 session security, Require 128-bit encryption'",Windows,3.d.iv
F-WIN-324,Security Options,Network security,"Ensure 'Network security: Minimum session security for NTLM SSP based (including secure RPC) servers' is set to 'Require NTLMv2 session security, Require 128-bit encryption'",Windows,3.d.v
F-WIN-401,System settings,User Account Control,Ensure 'User Account Control: Admin Approval Mode for the Built-in Administrator account' is set to 'Enabled',Windows,4.a.i
F-WIN-402,System settings,User Account Control,Ensure 'User Account Control: Behaviour of the elevation prompt for administrators in Admin Approval Mode' is set to 'Prompt for consent on the secure desktop' or higher,Windows,4.a.ii
F-WIN-403,System settings,User Account Control,Ensure 'User Account Control: Behaviour of the elevation prompt for standard users' is set to 'Automatically deny elevation requests',Windows,4.a.iii
F-WIN-404,System settings,User Account Control,Ensure 'User Account Control: Detect application installations and prompt for elevation' is set to 'Enabled',Windows,4.a.iv
F-WIN-405,System settings,User Account Control,Ensure 'User Account Control: Run all administrators in Admin Approval Mode' is set to 'Enabled',Windows,4.a.v
F-WIN-406,System settings,User Account Control,Ensure 'User Account Control: Switch to the secure desktop when prompting for elevation' is set to 'Enabled',Windows,4.a.vi
F-WIN-407,System settings,System Services,Ensure 'Bluetooth Audio Gateway Service (BTAGService)' is set to 'Disabled',Windows,4.b.i
F-WIN-408,System settings,System Services,Ensure 'Bluetooth Support Service (bthserv)' is set to 'Disabled',Windows,4.b.ii
F-WIN-409,System settings,System Services,Ensure 'Computer Browser (Browser)' is set to 'Disabled' or 'Not Installed',Windows,4.b.iii
F-WIN-410,System settings,System Services,Ensure 'Geolocation Service (Ifsvc)' is set to 'Disabled',Windows,4.b.iv
F-WIN-411,System settings,System Services,Ensure 'Internet Connection Sharing (ICS) (SharedAccess)' is set to 'Disabled',Windows,4.b.v
F-WIN-412,System settings,System Services,Ensure 'Remote Desktop Configuration (SessionEnv)' is set to 'Disabled',Windows,4.b.vi
F-WIN-413,System settings,System Services,Ensure 'Remote Desktop Services (TermService)' is set to 'Disabled',Windows,4.b.vii
F-WIN-414,System settings,System Services,Ensure 'Remote Desktop Services UserMode Port Redirector (UmRdpService)' is set to 'Disabled',Windows,4.b.viii
F-WIN-415,System settings,System Services,Ensure 'Remote Procedure Call (RPC) Locator (RpcLocator)' is set to 'Disabled',Windows,4.b.ix
F-WIN-416,System settings,System Services,Ensure 'Remote Registry (Remote Registry)' is set to 'Disabled',Windows,4.b.x
F-WIN-417,System settings,System Services,Ensure 'Routing and Remote Access (RemoteAccess)' is set to 'Disabled',Windows,4.b.xi
F-WIN-418,System settings,System Services,Ensure 'Simple TCP/IP Services (simptcp)' is set to 'Disabled' or 'Not Installed',Windows,4.b.xii
F-WIN-419,System settings,System Services,Ensure 'SNMP Service (SNMP)' is set to 'Disabled' or 'Not Installed',Windows,4.b.xiii
F-WIN-420,System settings,System Services,Ensure 'UPnP Device Host (upnphost)' is set to 'Disabled',Windows,4.b.xiv
F-WIN-421,System settings,System Services,Ensure 'Web Management Service (WMSvc)' is set to 'Disabled' or 'Not Installed',Windows,4.b.xv
F-WIN-422,System settings,System Services,Ensure 'Windows Error Reporting Service (WerSvc)' is set to 'Disabled',Windows,4.b.xvi
F-WIN-423,System settings,System Services,Ensure 'Windows Event Collector (Wecsvc)' is set to 'Disabled',Windows,4.b.xvii
F-WIN-424,System settings,System Services,Ensure 'Windows Media Player Network Sharing Service (WMPNetworkSvc)' is set to 'Disabled' or 'Not Installed',Windows,4.b.xviii
F-WIN-425,System settings,System Services,Ensure 'Windows Mobile Hotspot Service (icssvc)' is set to 'Disabled',Windows,4.b.xix
F-WIN-426,System settings,System Services,Ensure 'Windows Push ToInstall Service (PushToInstall)' is set to 'Disabled',Windows,4.b.xx
F-WIN-427,System settings,System Services,Ensure 'Windows Remote Management (WS-Management) (WinRM)' is set to 'Disabled',Windows,4.b.xxi
F-WIN-428,System settings,System Services,Ensure 'World Wide Web Publishing Service (W3SVC)' is set to 'Disabled' or 'Not Installed',Windows,4.b.xxii
F-WIN-429,System settings,System Services,Ensure 'Xbox Accessory Management Service (XboxGipSvc)' is set to 'Disabled',Windows,4.b.xxiii
F-WIN-430,System settings,System Services,Ensure 'Xbox Live Auth Manager (XblAuthManager)' is set to 'Disabled',Windows,4.b.xxiv
F-WIN-431,System settings,System Services,Ensure 'Xbox Live Game Save (XblGameSave)' is set to 'Disabled',Windows,4.b.xxv
F-WIN-432,System settings,System Services,Ensure 'Xbox Live Networking Service (XboxNetApiSvc)' is set to 'Disabled',Windows,4.b.xxvi
F-WIN-501,Windows Defender Firewall with Advanced Security,Private Profile,Ensure 'Windows Firewall: Private: Firewall state' is set to 'On (recommended)',Windows,5.a.i
F-WIN-502,Windows Defender Firewall with Advanced Security,Private Profile,Ensure 'Windows Firewall: Private: Inbound connections' is set to 'Block (default)',Windows,5.a.ii
F-WIN-503,Windows Defender Firewall with Advanced Security,Private Profile,Ensure 'Windows Firewall: Private: Outbound connections' is set to 'Allow (default)',Windows,5.a.iii
F-WIN-504,Windows Defender Firewall with Advanced Security,Private Profile,Ensure 'Windows Firewall: Private: Settings: Display a notification' is set to 'No',Windows,5.a.iv
F-WIN-505,Windows Defender Firewall with Advanced Security,Private Profile,Ensure 'Windows Firewall: Private: Logging: Name' is set to '%SystemRoot%\\System32\\logfiles\\firewall\\privatefw.log',Windows,5.a.v
F-WIN-506,Windows Defender Firewall with Advanced Security,Private Profile,"Ensure 'Windows Firewall: Private: Logging: Size limit (KB)' is set to '16,384 KB or greater'",Windows,5.a.vi
F-WIN-507,Windows Defender Firewall with Advanced Security,Private Profile,Ensure 'Windows Firewall: Private: Logging: Log dropped packets' is set to 'Yes',Windows,5.a.vii
F-WIN-508,Windows Defender Firewall with Advanced Security,Private Profile,Ensure 'Windows Firewall: Private: Logging: Log successful connections' is set to 'Yes',Windows,5.a.viii
F-WIN-509,Windows Defender Firewall with Advanced Security,Public Profile,Ensure 'Windows Firewall: Public: Firewall state' is set to 'On (recommended)',Windows,5.b.i
F-WIN-510,Windows Defender Firewall with Advanced Security,Public Profile,Ensure 'Windows Firewall: Public: Inbound connections' is set to 'Block (default)',Windows,5.b.ii
F-WIN-511,Windows Defender Firewall with Advanced Security,Public Profile,Ensure 'Windows Firewall: Public: Outbound connections' is set to 'Allow (default)',Windows,5.b.iii
F-WIN-512,Windows Defender Firewall with Advanced Security,Public Profile,Ensure 'Windows Firewall: Public: Settings: Display a notification' is set to 'No',Windows,5.b.iv
F-WIN-513,Windows Defender Firewall with Advanced Security,Public Profile,Ensure 'Windows Firewall: Public: Settings: Apply local firewall rules' is set to 'No',Windows,5.b.v
F-WIN-514,Windows Defender Firewall with Advanced Security,Public Profile,Ensure 'Windows Firewall: Public: Settings: Apply local connection security rules' is set to 'No',Windows,5.b.vi
F-WIN-515,Windows Defender Firewall with Advanced Security,Public Profile,Ensure 'Windows Firewall: Public: Logging: Name' is set to '%SystemRoot%\\System32\\logfiles\\firewall\\publicfw.log',Windows,5.b.vii
F-WIN-516,Windows Defender Firewall with Advanced Security,Public Profile,"Ensure 'Windows Firewall: Public: Logging: Size limit (KB)' is set to '16,384 KB or greater'",Windows,5.b.viii
F-WIN-517,Windows Defender Firewall with Advanced Security,Public Profile,Ensure 'Windows Firewall: Public: Logging: Log dropped packets' is set to 'Yes',Windows,5.b.ix
F-WIN-518,Windows Defender Firewall with Advanced Security,Public Profile,Ensure 'Windows Firewall: Public: Logging: Log successful connections' is set to 'Yes',Windows,5.b.x
F-WIN-601,Advanced Audit Policy Configuration,Account Logon,Ensure 'Audit Credential Validation' is set to 'Success and Failure',Windows,6.a.i
F-WIN-602,Advanced Audit Policy Configuration,Account Management,Ensure 'Audit Application Group Management' is set to 'Success and Failure',Windows,6.b.ii
F-WIN-603,Advanced Audit Policy Configuration,Account Management,Ensure 'Audit Security Group Management' is set to include 'Success',Windows,6.b.iii
F-WIN-604,Advanced Audit Policy Configuration,Account Management,Ensure 'Audit User Account Management' is set to 'Success and Failure',Windows,6.b.iv
F-WIN-605,Advanced Audit Policy Configuration,Detailed Tracking,Ensure 'Audit PNP Activity' is set to include 'Success',Windows,6.b.v
F-WIN-606,Advanced Audit Policy Configuration,Detailed Tracking,Ensure 'Audit Process Creation' is set to include 'Success',Windows,6.b.vi
F-WIN-607,Advanced Audit Policy Configuration,Logon/Logoff,Ensure 'Audit Account Lockout' is set to include 'Failure',Windows,6.b.vii
F-WIN-608,Advanced Audit Policy Configuration,Logon/Logoff,Ensure 'Audit Other Logon/Logoff Events' is set to 'Success and Failure',Windows,6.b.viii
F-WIN-609,Advanced Audit Policy Configuration,Object Access,Ensure 'Audit File Share' is set to 'Success and Failure',Windows,6.b.ix
F-WIN-610,Advanced Audit Policy Configuration,Object Access,Ensure 'Audit Removable Storage' is set to 'Success and Failure',Windows,6.b.x
F-WIN-611,Advanced Audit Policy Configuration,Policy Change,Ensure 'Audit Audit Policy Change' is set to include 'Success',Windows,6.b.xi
F-WIN-612,Advanced Audit Policy Configuration,Policy Change,Ensure 'Audit Other Policy Change Events' is set to include 'Failure',Windows,6.b.xii
F-WIN-613,Advanced Audit Policy Configuration,Privilege Use,Ensure 'Audit Sensitive Privilege Use' is set to 'Success and Failure',Windows,6.b.xiii
F-WIN-614,Advanced Audit Policy Configuration,System,Ensure 'Audit System Integrity' is set to 'Success and Failure',Windows,6.b.xiv
F-WIN-615,Advanced Audit Policy Configuration,Other,Ensure 'Prevent enabling lock screen camera' is set to 'Enabled',Windows,6.b.xv
F-WIN-616,Advanced Audit Policy Configuration,Other,Ensure 'Configure SMB v1 client driver' is set to 'Enabled: Disable driver (recommended)',Windows,6.b.xvi
F-WIN-617,Advanced Audit Policy Configuration,Other,Ensure 'Configure SMB v1 server' is set to 'Disabled',Windows,6.b.xvii
F-WIN-618,AutoPlay Policies,AutoPlay Policies,Ensure 'Disallow Autoplay for non-volume devices' is set to 'Enabled',Windows,6.c.i
F-WIN-619,AutoPlay Policies,AutoPlay Policies,Ensure 'Set the default behaviour for AutoRun' is set to 'Enabled: Do not execute any autorun commands',Windows,6.c.ii
F-WIN-620,AutoPlay Policies,AutoPlay Policies,Ensure 'Turn off Autoplay' is set to 'Enabled: All drives',Windows,6.c.iii
F-WIN-701,Microsoft Defender Application Guard,Microsoft Defender Application Guard,Ensure 'Allow auditing events in Microsoft Defender Application Guard' is set to 'Enabled',Windows,7.a
F-WIN-702,Microsoft Defender Application Guard,Microsoft Defender Application Guard,Ensure 'Allow camera and microphone access in Microsoft Defender Application Guard' is set to 'Disabled',Windows,7.b
F-WIN-703,Microsoft Defender Application Guard,Microsoft Defender Application Guard,Ensure 'Allow data persistence for Microsoft Defender Application Guard' is set to 'Disabled',Windows,7.c
F-WIN-704,Microsoft Defender Application Guard,Microsoft Defender Application Guard,Ensure 'Allow files to download and save to the host operating system from Microsoft Defender Application Guard' is set to 'Disabled',Windows,7.d
F-WIN-705,Microsoft Defender Application Guard,Microsoft Defender Application Guard,Ensure 'Configure Microsoft Defender Application Guard clipboard settings: Clipboard behaviour setting' is set to 'Enabled: Enable clipboard operation from an isolated session to the host',Windows,7.e
F-LNX-101,Filesystem,Configure Filesystem Kernel Modules,Ensure cramfs kernel module is not available,Linux,1.a.i
F-LNX-102,Filesystem,Configure Filesystem Kernel Modules,Ensure freevxfs kernel module is not available,Linux,1.a.ii
F-LNX-103,Filesystem,Configure Filesystem Kernel Modules,Ensure hfs kernel module is not available,Linux,1.a.iii
F-LNX-104,Filesystem,Configure Filesystem Kernel Modules,Ensure hfsplus kernel module is not available,Linux,1.a.iv
F-LNX-105,Filesystem,Configure Filesystem Kernel Modules,Ensure jffs2 kernel module is not available,Linux,1.a.v
F-LNX-106,Filesystem,Configure Filesystem Kernel Modules,Ensure overlayfs kernel module is not available,Linux,1.a.vi
F-LNX-107,Filesystem,Configure Filesystem Kernel Modules,Ensure squashfs kernel module is not available,Linux,1.a.vii
F-LNX-108,Filesystem,Configure Filesystem Kernel Modules,Ensure udf kernel module is not available,Linux,1.a.viii
F-LNX-109,Filesystem,Configure Filesystem Kernel Modules,Ensure usb-storage kernel module is not available,Linux,1.a.ix
F-LNX-110,Filesystem,Configure Filesystem Kernel Modules,Ensure unused filesystems kernel modules are not available,Linux,1.a.x
F-LNX-111,Filesystem,Configure /tmp,Ensure /tmp is a separate partition,Linux,1.b.i
F-LNX-112,Filesystem,Configure /tmp,Ensure nodev option set on /tmp partition,Linux,1.b.ii
F-LNX-113,Filesystem,Configure /tmp,Ensure nosuid option set on /tmp partition,Linux,1.b.iii
F-LNX-114,Filesystem,Configure /tmp,Ensure noexec option set on /tmp partition,Linux,1.b.iv
F-LNX-115,Filesystem,Configure /dev/shm,Ensure/dev/shm is a separate partition,Linux,1.c.i
F-LNX-116,Filesystem,Configure /dev/shm,Ensure nodev option set on /dev/shm partition,Linux,1.c.ii
F-LNX-117,Filesystem,Configure /dev/shm,Ensure nosuid option set on /dev/shm partition,Linux,1.c.iii
F-LNX-118,Filesystem,Configure /dev/shm,Ensure noexec option set on /dev/shm partition,Linux,1.c.iv
F-LNX-119,Filesystem,Configure /home,Ensure separate partition exists for /home,Linux,1.d.i
F-LNX-120,Filesystem,Configure /home,Ensure nodev option set on /home partition,Linux,1.d.ii
F-LNX-121,Filesystem,Configure /home,Ensure nosuid option set on /home partition,Linux,1.d.iii
F-LNX-122,Filesystem,Configure /var,Ensure separate partition exists for /var,Linux,1.e.i
F-LNX-123,Filesystem,Configure /var,Ensure nodev option set on /var partition,Linux,1.e.ii
F-LNX-124,Filesystem,Configure /var,Ensure nosuid option set on /var partition,Linux,1.e.iii
F-LNX-125,Filesystem,Configure /var/tmp,Ensure separate partition exists for /var/tmp,Linux,1.f.i
F-LNX-126,Filesystem,Configure /var/tmp,Ensure nodev option set on /var/tmp partition,Linux,1.f.ii
F-LNX-127,Filesystem,Configure /var/tmp,Ensure nosuid option set on /var/tmp partition,Linux,1.f.iii
F-LNX-128,Filesystem,Configure /var/tmp,Ensure noexec option set on /var/tmp partition,Linux,1.f.iv
F-LNX-129,Filesystem,Configure /var/log,Ensure separate partition exists for /var/log,Linux,1.g.i
F-LNX-130,Filesystem,Configure /var/log,Ensure nodev option set on /var/log partition,Linux,1.g.ii
F-LNX-131,Filesystem,Configure /var/log,Ensure nosuid option set on /var/log partition,Linux,1.g.iii
F-LNX-132,Filesystem,Configure /var/log,Ensure noexec option set on /var/log partition,Linux,1.g.iv
F-LNX-133,Filesystem,Configure /var/log/audit,Ensure separate partition exists for /var/log/audit,Linux,1.h.i
F-LNX-134,Filesystem,Configure /var/log/audit,Ensure nodev option set on /var/log/audit partition,Linux,1.h.ii
F-LNX-135,Filesystem,Configure /var/log/audit,Ensure nosuid option set on /var/log/audit partition,Linux,1.h.iii
F-LNX-136,Filesystem,Configure /var/log/audit,Ensure noexec option set on /var/log/audit partition,Linux,1.h.iv
F-LNX-201,Package Management,Configure Bootloader,Ensure bootloader password is set,Linux,2.a.i
F-LNX-202,Package Management,Configure Bootloader,Ensure access to bootloader config is configured,Linux,2.a.ii
F-LNX-203,Package Management,Configure Additional Process Hardening,Ensure address space layout randomization is enabled,Linux,2.b.i
F-LNX-204,Package Management,Configure Additional Process Hardening,Ensure ptrace_scope is restricted,Linux,2.b.ii
F-LNX-205,Package Management,Configure Additional Process Hardening,Ensure core dumps are restricted,Linux,2.b.iii
F-LNX-206,Package Management,Configure Additional Process Hardening,Ensure prelink is not installed,Linux,2.b.iv
F-LNX-207,Package Management,Configure Additional Process Hardening,Ensure Automatic Error Reporting is not enabled,Linux,2.b.v
F-LNX-208,Package Management,Configure Command Line Warning Banners,Ensure local login warning banner is configured properly,Linux,2.c.i
F-LNX-209,Package Management,Configure Command Line Warning Banners,Ensure remote login warning banner is configured properly,Linux,2.c.ii
F-LNX-210,Package Management,Configure Command Line Warning Banners,Ensure access to /etc/motd is configured,Linux,2.c.iii
F-LNX-211,Package Management,Configure Command Line Warning Banners,Ensure access to /etc/issue is configured,Linux,2.c.iv
F-LNX-212,Package Management,Configure Command Line Warning Banners,Ensure access to /etc/issue.net is configured,Linux,2.c.v
F-LNX-301,Services,Configure Server Services,Ensure autofs services are not in use,Linux,3.a.i
F-LNX-302,Services,Configure Server Services,Ensure avahi daemon services are not in use,Linux,3.a.ii
F-LNX-303,Services,Configure Server Services,Ensure dhcp server services are not in use,Linux,3.a.iii
F-LNX-304,Services,Configure Server Services,Ensure dns server services are not in use,Linux,3.a.iv
F-LNX-305,Services,Configure Server Services,Ensure dnsmasq services are not in use,Linux,3.a.v
F-LNX-306,Services,Configure Server Services,Ensure ftp server services are not in use,Linux,3.a.vi
F-LNX-307,Services,Configure Server Services,Ensure ldap server services are not in use,Linux,3.a.vii
F-LNX-308,Services,Configure Server Services,Ensure message access server services are not in use,Linux,3.a.viii
F-LNX-309,Services,Configure Server Services,Ensure network file system services are not in use,Linux,3.a.ix
F-LNX-310,Services,Configure Server Services,Ensure nis server services are not in use,Linux,3.a.x
F-LNX-311,Services,Configure Server Services,Ensure print server services are not in use,Linux,3.a.xi
F-LNX-312,Services,Configure Server Services,Ensure rpcbind services are not in use,Linux,3.a.xii
F-LNX-313,Services,Configure Server Services,Ensure rsync services are not in use,Linux,3.a.xiii
F-LNX-314,Services,Configure Server Services,Ensure samba file server services are not in use,Linux,3.a.xiv
F-LNX-315,Services,Configure Server Services,Ensure snmp services are not in use,Linux,3.a.xv
F-LNX-316,Services,Configure Server Services,Ensure tftp server services are not in use,Linux,3.a.xvi
F-LNX-317,Services,Configure Server Services,Ensure web proxy server services are not in use,Linux,3.a.xvii
F-LNX-318,Services,Configure Server Services,Ensure web server services are not in use,Linux,3.a.xviii
F-LNX-319,Services,Configure Server Services,Ensure xinetd services are not in use,Linux,3.a.xix
F-LNX-320,Services,Configure Server Services,Ensure X window server services are not in use,Linux,3.a.xx
F-LNX-321,Services,Configure Server Services,Ensure mail transfer agent is configured for local-only mode,Linux,3.a.xxi
F-LNX-322,Services,Configure Server Services,Ensure only approved services are listening on a network interface,Linux,3.a.xxii
F-LNX-323,Services,Configure Client Services,Ensure NIS Client is not installed,Linux,3.b.i
F-LNX-324,Services,Configure Client Services,Ensure rsh client is not installed,Linux,3.b.ii
F-LNX-325,Services,Configure Client Services,Ensure talk client is not installed,Linux,3.b.iii
F-LNX-326,Services,Configure Client Services,Ensure telnet client is not installed,Linux,3.b.iv
F-LNX-327,Services,Configure Client Services,Ensure ldap client is not installed,Linux,3.b.v
F-LNX-328,Services,Configure Client Services,Ensure ftp client is not installed,Linux,3.b.vi
F-LNX-329,Services,Configure Time Synchronization,Ensure time synchronization is in use,Linux,3.c.i
F-LNX-330,Services,Configure Time Synchronization,Ensure a single time synchronization daemon is in use,Linux,3.c.ii
F-LNX-331,Services,Configure systemd-timesyncd,Ensure systemd-timesyncd configured with authorized timeserver,Linux,3.d.i
F-LNX-332,Services,Configure systemd-timesyncd,Ensure systemd-timesyncd is enabled and running,Linux,3.d.ii
F-LNX-333,Services,Configure chrony,Ensure chrony is configured with authorized timeserver,Linux,3.e.i
F-LNX-334,Services,Configure chrony,Ensure chrony is running as user _chrony,Linux,3.e.ii
F-LNX-335,Services,Configure chrony,Ensure chrony is enabled and running,Linux,3.e.iii
F-LNX-336,Services,Job Schedulers,Ensure cron daemon is enabled and active,Linux,3.f.i
F-LNX-337,Services,Job Schedulers,Ensure permissions on /etc/crontab are configured,Linux,3.f.ii
F-LNX-338,Services,Job Schedulers,Ensure permissions on /etc/cron.hourly are configured,Linux,3.f.iii
F-LNX-339,Services,Job Schedulers,Ensure permissions on /etc/cron.daily are configured,Linux,3.f.iv
F-LNX-340,Services,Job Schedulers,Ensure permissions on /etc/cron.weekly are configured,Linux,3.f.v
F-LNX-341,Services,Job Schedulers,Ensure permissions on /etc/cron.monthly are configured,Linux,3.f.vi
F-LNX-342,Services,Job Schedulers,Ensure permissions on /etc/cron.d are configured,Linux,3.f.vii
F-LNX-343,Services,Job Schedulers,Ensure crontab is restricted to authorized users,Linux,3.f.viii
F-LNX-401,Network,Configure Network Devices,Ensure IPv6 status is identified,Linux,4.a.i
F-LNX-402,Network,Configure Network Devices,Ensure wireless interfaces are disabled,Linux,4.a.ii
F-LNX-403,Network,Configure Network Devices,Ensure bluetooth services are not in use,Linux,4.a.iii
F-LNX-404,Network,Configure Network Kernel Modules,Ensure dccp kernel module is not available,Linux,4.b.i
F-LNX-405,Network,Configure Network Kernel Modules,Ensure tipc kernel module is not available,Linux,4.b.ii
F-LNX-406,Network,Configure Network Kernel Modules,Ensure rds kernel module is not available,Linux,4.b.iii
F-LNX-407,Network,Configure Network Kernel Modules,Ensure sctp kernel module is not available,Linux,4.b.iv
F-LNX-408,Network,Configure Network Kernel Parameters,Ensure ip forwarding is disabled,Linux,4.c.i
F-LNX-409,Network,Configure Network Kernel Parameters,Ensure packet redirect sending is disabled,Linux,4.c.ii
F-LNX-410,Network,Configure Network Kernel Parameters,Ensure bogus icmp responses are ignored,Linux,4.c.iii
F-LNX-411,Network,Configure Network Kernel Parameters,Ensure broadcast icmp requests are ignored,Linux,4.c.iv
F-LNX-412,Network,Configure Network Kernel Parameters,Ensure icmp redirects are not accepted,Linux,4.c.v
F-LNX-413,Network,Configure Network Kernel Parameters,Ensure secure icmp redirects are not accepted,Linux,4.c.xi
F-LNX-414,Network,Configure Network Kernel Parameters,Ensure reverse path filtering is enabled,Linux,4.c.xii
F-LNX-415,Network,Configure Network Kernel Parameters,Ensure source routed packets are not accepted,Linux,4.c.xiii
F-LNX-416,Network,Configure Network Kernel Parameters,Ensure suspicious packets are logged,Linux,4.c.xiv
F-LNX-417,Network,Configure Network Kernel Parameters,Ensure tcp syn cookies is enabled,Linux,4.c.xv
F-LNX-418,Network,Configure Network Kernel Parameters,Ensure ipv6 router advertisements are not accepted,Linux,4.c.xvi
F-LNX-501,Host Based Firewall,Configure a single firewall utility,Ensure ufw is installed,Linux,5.a.i
F-LNX-502,Host Based Firewall,Configure a single firewall utility,Ensure iptables-persistent is not installed with ufw,Linux,5.a.ii
F-LNX-503,Host Based Firewall,Configure a single firewall utility,Ensure ufw service is enabled,Linux,5.a.iii
F-LNX-504,Host Based Firewall,Configure a single firewall utility,Ensure ufw loopback traffic is configured,Linux,5.a.iv
F-LNX-505,Host Based Firewall,Configure a single firewall utility,Ensure ufw outbound connections are configured (Manual),Linux,5.a.v
F-LNX-506,Host Based Firewall,Configure a single firewall utility,Ensure ufw firewall rules exist for all open ports,Linux,5.a.vi
F-LNX-507,Host Based Firewall,Configure a single firewall utility,Ensure ufw default deny firewall policy,Linux,5.a.vii
F-LNX-508,Host Based Firewall,Configure a single firewall utility,Ensure ufw is not in use with iptables,Linux,5.a.viii
F-LNX-601,Access Control,Configure SSH Server,Ensure permissions on /etc/ssh/sshd_config are configured,Linux,6.a.i
F-LNX-602,Access Control,Configure SSH Server,Ensure permissions on SSH private host key files are configured,Linux,6.a.ii
F-LNX-603,Access Control,Configure SSH Server,Ensure permissions on SSH public host key files are configured,Linux,6.a.iii
F-LNX-604,Access Control,Configure SSH Server,Ensure sshd access is configured,Linux,6.a.iv
F-LNX-605,Access Control,Configure SSH Server,Ensure sshd Banner is configured,Linux,6.a.v
F-LNX-606,Access Control,Configure SSH Server,Ensure sshd Ciphers are configured,Linux,6.a.vi
F-LNX-607,Access Control,Configure SSH Server,Ensure sshd ClientAliveInterval and ClientAliveCountMax are configured,Linux,6.a.vii
F-LNX-608,Access Control,Configure SSH Server,Ensure sshd Disable Forwarding is enabled,Linux,6.a.viii
F-LNX-609,Access Control,Configure SSH Server,Ensure sshd GSSAPIAuthentication is disabled,Linux,6.a.ix
F-LNX-610,Access Control,Configure SSH Server,Ensure sshd HostbasedAuthentication is disabled,Linux,6.a.x
F-LNX-611,Access Control,Configure SSH Server,Ensure sshd IgnoreRhosts is enabled,Linux,6.a.xi
F-LNX-612,Access Control,Configure SSH Server,Ensure sshd KexAlgorithms is configured,Linux,6.a.xii
F-LNX-613,Access Control,Configure SSH Server,Ensure sshd LoginGraceTime is configured,Linux,6.a.xiii
F-LNX-614,Access Control,Configure SSH Server,Ensure sshd LogLevel is configured,Linux,6.a.xiv
F-LNX-615,Access Control,Configure SSH Server,Ensure sshd MACs are configured,Linux,6.a.xv
F-LNX-616,Access Control,Configure SSH Server,Ensure sshd MaxAuthTries is configured,Linux,6.a.xvi
F-LNX-617,Access Control,Configure SSH Server,Ensure sshd MaxSessions is configured,Linux,6.a.xvii
F-LNX-618,Access Control,Configure SSH Server,Ensure sshd MaxStartups is configured,Linux,6.a.xviii
F-LNX-619,Access Control,Configure SSH Server,Ensure sshd PermitEmptyPasswords is disabled,Linux,6.a.xix
F-LNX-620,Access Control,Configure SSH Server,Ensure sshd PermitRootLogin is disabled,Linux,6.a.xx
F-LNX-621,Access Control,Configure SSH Server,Ensure sshd PermitUserEnvironment is disabled,Linux,6.a.xxi
F-LNX-622,Access Control,Configure SSH Server,Ensure sshd UsePAM is enabled,Linux,6.a.xxii
F-LNX-623,Access Control,Configure privilege escalation,Ensure sudo is installed,Linux,6.b.i
F-LNX-624,Access Control,Configure privilege escalation,Ensure sudo commands use pty,Linux,6.b.ii
F-LNX-625,Access Control,Configure privilege escalation,Ensure sudo log file exists,Linux,6.b.iii
F-LNX-626,Access Control,Configure privilege escalation,Ensure users must provide password for privilege escalation,Linux,6.b.iv
F-LNX-627,Access Control,Configure privilege escalation,Ensure re-authentication for privilege escalation is not disabled globally,Linux,6.b.v
F-LNX-628,Access Control,Configure privilege escalation,Ensure sudo authentication timeout is configured correctly,Linux,6.b.vi
F-LNX-629,Access Control,Configure privilege escalation,Ensure access to the su command is restricted,Linux,6.b.vii
F-LNX-630,Access Control,Pluggable Authentication Modules,Configure PAM software packages: Ensure latest version of pam is installed,Linux,6.c.i.1
F-LNX-631,Access Control,Pluggable Authentication Modules,Configure PAM software packages: Ensure libpam-modules is installed,Linux,6.c.i.2
F-LNX-632,Access Control,Pluggable Authentication Modules,Configure PAM software packages: Ensure libpam-pwquality is installed,Linux,6.c.i.3
F-LNX-633,Access Control,Pluggable Authentication Modules,Configure pam-auth-update profiles: Ensure pam_unix module is enabled,Linux,6.c.ii.1
F-LNX-634,Access Control,Pluggable Authentication Modules,Configure pam-auth-update profiles: pam_faillock module is enabled,Linux,6.c.ii.2
F-LNX-635,Access Control,Pluggable Authentication Modules,Configure pam-auth-update profiles: Ensure pam_pwquality module is enabled,Linux,6.c.ii.3
F-LNX-636,Access Control,Pluggable Authentication Modules,Configure pam-auth-update profiles: Ensure pam_pwhistory module is enabled,Linux,6.c.ii.4
F-LNX-637,Access Control,Pluggable Authentication Modules,Configure pam_faillock module: Ensure password failed attempts lockout is configured,Linux,6.c.iii.1
F-LNX-638,Access Control,Pluggable Authentication Modules,Configure pam_faillock module: password unlock time is,Linux,6.c.iii.2
F-LNX-639,Access Control,Pluggable Authentication Modules,Configure pam_faillock module: Ensure password failed attempts lockout includes root account,Linux,6.c.iii.3
F-LNX-640,Access Control,Pluggable Authentication Modules,Configure pam_pwquality module: Ensure password number of changed characters is configured,Linux,6.c.iv.1
F-LNX-641,Access Control,Pluggable Authentication Modules,Configure pam_pwquality module: Ensure minimum password length is configured,Linux,6.c.iv.2
F-LNX-642,Access Control,Pluggable Authentication Modules,Configure pam_pwquality module: Ensure password same consecutive characters is configured,Linux,6.c.iv.3
F-LNX-643,Access Control,Pluggable Authentication Modules,Configure pam_pwquality module: Ensure password maximum sequential characters is configured,Linux,6.c.iv.4
F-LNX-644,Access Control,Pluggable Authentication Modules,Configure pam_pwquality module: Ensure password dictionary check is enabled,Linux,6.c.iv.5
F-LNX-645,Access Control,Pluggable Authentication Modules,Configure pam_pwquality module: Ensure password quality checking is enforced,Linux,6.c.iv.6
F-LNX-646,Access Control,Pluggable Authentication Modules,Configure pam_pwquality module: Ensure password quality is enforced for the root user,Linux,6.c.iv.7
F-LNX-647,Access Control,Pluggable Authentication Modules,Configure pam_pwhistory module: Ensure password history remember is configured,Linux,6.c.v.1
F-LNX-648,Access Control,Pluggable Authentication Modules,Configure pam_pwhistory module: Ensure password history is enforced for the root user,Linux,6.c.v.2
F-LNX-649,Access Control,Pluggable Authentication Modules,Configure pam_pwhistory module: Ensure pam_pwhistory includes use_authtok,Linux,6.c.v.3
F-LNX-701,User Accounts and Environment,Configure shadow password suite parameters,Ensure password expiration is configured,Linux,7.a.i
F-LNX-702,User Accounts and Environment,Configure shadow password suite parameters,Ensure minimum password days is configured (Manual),Linux,7.a.ii
F-LNX-703,User Accounts and Environment,Configure shadow password suite parameters,Ensure password expiration warning days is configured,Linux,7.a.iii
F-LNX-704,User Accounts and Environment,Configure shadow password suite parameters,Ensure strong password hashing algorithm is configured,Linux,7.a.iv
F-LNX-705,User Accounts and Environment,Configure shadow password suite parameters,Ensure inactive password lock is configured,Linux,7.a.v
F-LNX-706,User Accounts and Environment,Configure shadow password suite parameters,Ensure all users last password change date is in the past,Linux,7.a.vi
F-LNX-707,User Accounts and Environment,Configure shadow password suite parameters,Ensure root is the only UID 0 account,Linux,7.a.vii
F-LNX-708,User Accounts and Environment,Configure shadow password suite parameters,Ensure root is the only GID 0 account,Linux,7.a.viii
F-LNX-709,User Accounts and Environment,Configure shadow password suite parameters,Ensure group root is the only GID 0 group,Linux,7.a.ix
F-LNX-710,User Accounts and Environment,Configure shadow password suite parameters,Ensure root account access is controlled,Linux,7.a.x
F-LNX-711,User Accounts and Environment,Configure shadow password suite parameters,Ensure root path integrity,Linux,7.a.xi
F-LNX-712,User Accounts and Environment,Configure shadow password suite parameters,Ensure root user umask is configured,Linux,7.a.xii
F-LNX-713,User Accounts and Environment,Configure shadow password suite parameters,Ensure system accounts do not have a valid login shell,Linux,7.a.xiii
F-LNX-714,User Accounts and Environment,Configure shadow password suite parameters,Ensure accounts without a valid login shell are locked,Linux,7.a.xiv
F-LNX-715,User Accounts and Environment,Configure user default environment,Ensure nologin is not listed in /etc/shells,Linux,7.b.i
F-LNX-716,User Accounts and Environment,Configure user default environment,Ensure default user shell timeout is configured,Linux,7.b.ii
F-LNX-717,User Accounts and Environment,Configure user default environment,Ensure default user umask is configured,Linux,7.b.iii
F-LNX-801,Logging and Auditing,Configure systemd-journald service,Ensure journald service is enabled and active,Linux,8.a.i.1
F-LNX-802,Logging and Auditing,Configure systemd-journald service,Ensure journald log file access is configured,Linux,8.a.i.2
F-LNX-803,Logging and Auditing,Configure systemd-journald service,Ensure journald log file rotation is configured,Linux,8.a.i.3
F-LNX-804,Logging and Auditing,Configure systemd-journald service,Ensure only one logging system is in use,Linux,8.a.i.4
F-LNX-805,Logging and Auditing,Configure rsyslog,Ensure rsyslog is installed,Linux,8.a.ii.1
F-LNX-806,Logging and Auditing,Configure rsyslog,Ensure rsyslog service is enabled and active,Linux,8.a.ii.2
F-LNX-807,Logging and Auditing,Configure rsyslog,Ensure journald is configured to send logs to rsyslog,Linux,8.a.ii.3
F-LNX-808,Logging and Auditing,Configure rsyslog,Ensure rsyslog log file creation mode is configured,Linux,8.a.ii.4
F-LNX-809,Logging and Auditing,Configure rsyslog,Ensure rsyslog logging is configured,Linux,8.a.ii.5
F-LNX-810,Logging and Auditing,Configure rsyslog,Ensure rsyslog is configured to send logs to a remote log host,Linux,8.a.ii.6
F-LNX-811,Logging and Auditing,Configure rsyslog,Ensure rsyslog is not configured to receive logs from a remote client,Linux,8.a.ii.7
F-LNX-812,Logging and Auditing,Configure Logfiles,Ensure logrotate is configured,Linux,8.a.ii.8
F-LNX-813,Logging and Auditing,Configure Logfiles,Ensure access to all logfiles has been configured,Linux,8.a.iii.1
F-LNX-814,Logging and Auditing,Configure auditd Service,Ensure auditd packages are installed,Linux,8.b.i.1
F-LNX-815,Logging and Auditing,Configure auditd Service,Ensure auditd service is enabled and active,Linux,8.b.i.2
F-LNX-816,Logging and Auditing,Configure auditd Service,Ensure auditing for processes that start prior to auditd is enabled,Linux,8.b.i.3
F-LNX-817,Logging and Auditing,Configure auditd Service,Ensure audit_backlog_limit is sufficient,Linux,8.b.i.4
F-LNX-818,Logging and Auditing,Configure Data Retention,Ensure audit log storage size is configured,Linux,8.c.i
F-LNX-819,Logging and Auditing,Configure Data Retention,Ensure audit logs are not automatically deleted,Linux,8.c.ii
F-LNX-820,Logging and Auditing,Configure Data Retention,Ensure system is disabled when audit logs are full,Linux,8.c.iii
F-LNX-821,Logging and Auditing,Configure Data Retention,Ensure system warns when audit logs are low on space,Linux,8.c.iv
F-LNX-822,Logging and Auditing,Configure auditd Rules,Ensure changes to system administration scope (sudoers) is collected,Linux,8.d.i
F-LNX-823,Logging and Auditing,Configure auditd Rules,Ensure actions as another user are always logged,Linux,8.d.ii
F-LNX-824,Logging and Auditing,Configure auditd Rules,Ensure events that modify the sudo log file are collected,Linux,8.d.iii
F-LNX-825,Logging and Auditing,Configure auditd Rules,Ensure events that modify date and time information are collected,Linux,8.d.iv
F-LNX-826,Logging and Auditing,Configure auditd Rules,Ensure events that modify the system's network environment are collected,Linux,8.d.v
F-LNX-827,Logging and Auditing,Configure auditd Rules,Ensure use of privileged commands are collected,Linux,8.d.vi
F-LNX-828,Logging and Auditing,Configure auditd Rules,Ensure unsuccessful file access attempts are collected,Linux,8.d.vii
F-LNX-829,Logging and Auditing,Configure auditd Rules,Ensure events that modify user/group information are collected,Linux,8.d.viii
F-LNX-830,Logging and Auditing,Configure auditd Rules,Ensure discretionary access control permission modification events are collected,Linux,8.d.ix
F-LNX-831,Logging and Auditing,Configure auditd Rules,Ensure successful file system mounts are collected,Linux,8.d.x
F-LNX-832,Logging and Auditing,Configure auditd Rules,Ensure session initiation information is collected,Linux,8.d.xi
F-LNX-833,Logging and Auditing,Configure auditd Rules,Ensure login and logout events are collected,Linux,8.d.xii
F-LNX-834,Logging and Auditing,Configure auditd Rules,Ensure file deletion events by users are collected,Linux,8.d.xiii
F-LNX-835,Logging and Auditing,Configure auditd Rules,Ensure events that modify the system's Mandatory Access Controls are collected,Linux,8.d.xiv
F-LNX-836,Logging and Auditing,Configure auditd Rules,Ensure successful and unsuccessful attempts to use the chcon command are collected,Linux,8.d.xv
F-LNX-837,Logging and Auditing,Configure auditd Rules,Ensure successful and unsuccessful attempts to use the setfacl command are collected,Linux,8.d.xvi
F-LNX-838,Logging and Auditing,Configure auditd Rules,Ensure successful and unsuccessful attempts to use the chacl command are collected,Linux,8.d.xvii
F-LNX-839,Logging and Auditing,Configure auditd Rules,Ensure successful and unsuccessful attempts to use the usermod command are collected,Linux,8.d.xviii
F-LNX-840,Logging and Auditing,Configure auditd Rules,Ensure kernel module loading unloading and modification is collected,Linux,8.d.xix
F-LNX-841,Logging and Auditing,Configure auditd Rules,Ensure the audit configuration is immutable,Linux,8.d.xx
F-LNX-842,Logging and Auditing,Configure auditd Rules,Ensure the running and on disk configuration is the same,Linux,8.d.xxi
F-LNX-843,Logging and Auditing,Configure auditd File Access,Ensure audit log files mode is configured,Linux,8.e.i
F-LNX-844,Logging and Auditing,Configure auditd File Access,Ensure audit log files owner is configured,Linux,8.e.ii
F-LNX-845,Logging and Auditing,Configure auditd File Access,Ensure audit log files group owner is configured,Linux,8.e.iii
F-LNX-846,Logging and Auditing,Configure auditd File Access,Ensure the audit log file directory mode is configured,Linux,8.e.iv
F-LNX-847,Logging and Auditing,Configure auditd File Access,Ensure audit configuration files mode is configured,Linux,8.e.v
F-LNX-848,Logging and Auditing,Configure auditd File Access,Ensure audit configuration files owner is configured,Linux,8.e.vi
F-LNX-849,Logging and Auditing,Configure auditd File Access,Ensure audit configuration files group owner is configured,Linux,8.e.vii
F-LNX-850,Logging and Auditing,Configure auditd File Access,Ensure audit tools mode is configured,Linux,8.e.viii
F-LNX-851,Logging and Auditing,Configure auditd File Access,Ensure audit tools owner is configured,Linux,8.e.ix
F-LNX-852,Logging and Auditing,Configure auditd File Access,Ensure audit tools group owner is configured,Linux,8.e.x
F-LNX-853,Logging and Auditing,Configure Integrity Checking,Ensure AIDE is installed,Linux,8.f.i
F-LNX-854,Logging and Auditing,Configure Integrity Checking,Ensure filesystem integrity is regularly checked,Linux,8.f.ii
F-LNX-855,Logging and Auditing,Configure Integrity Checking,Ensure cryptographic mechanisms are used to protect the integrity of audit tools,Linux,8.f.iii
F-LNX-901,System Maintenance,System File Permissions,Ensure permissions on /etc/passwd are configured,Linux,9.a.i
F-LNX-902,System Maintenance,System File Permissions,Ensure permissions on /etc/passwd- are configured,Linux,9.a.ii
F-LNX-903,System Maintenance,System File Permissions,Ensure permissions on /etc/group are configured,Linux,9.a.iii
F-LNX-904,System Maintenance,System File Permissions,Ensure permissions on /etc/group- are configured,Linux,9.a.iv
F-LNX-905,System Maintenance,System File Permissions,Ensure permissions on /etc/shadow are configured,Linux,9.a.v
F-LNX-906,System Maintenance,System File Permissions,Ensure permissions on /etc/shadow- are configured,Linux,9.a.vi
F-LNX-907,System Maintenance,System File Permissions,Ensure permissions on /etc/gshadow are configured,Linux,9.a.vii
F-LNX-908,System Maintenance,System File Permissions,Ensure permissions on /etc/gshadow- are configured,Linux,9.a.viii
F-LNX-909,System Maintenance,System File Permissions,Ensure permissions on /etc/shells are configured,Linux,9.a.ix
F-LNX-910,System Maintenance,System File Permissions,Ensure permissions on /etc/security/opasswd are configured,Linux,9.a.x
F-LNX-911,System Maintenance,System File Permissions,Ensure world writable files and directories are secured,Linux,9.a.xi
F-LNX-912,System Maintenance,System File Permissions,Ensure no files or directories without an owner and a group exist,Linux,9.a.xii
F-LNX-913,System Maintenance,System File Permissions,Ensure SUID and SGID files are reviewed (Manual),Linux,9.a.xiii
F-LNX-914,System Maintenance,Local User and Group Settings,Ensure accounts in /etc/passwd use shadowed passwords,Linux,9.a.xiv
F-LNX-915,System Maintenance,Local User and Group Settings,Ensure /etc/shadow password fields are not empty,Linux,9.a.xv
F-LNX-916,System Maintenance,Local User and Group Settings,Ensure all groups in /etc/passwd exist in /etc/group,Linux,9.a.xvi
F-LNX-917,System Maintenance,Local User and Group Settings,Ensure shadow group is empty,Linux,9.a.xvii
F-LNX-918,System Maintenance,Local User and Group Settings,Ensure no duplicate UIDs exist,Linux,9.a.xviii
F-LNX-919,System Maintenance,Local User and Group Settings,Ensure no duplicate GIDs exist,Linux,9.a.xix
F-LNX-920,System Maintenance,Local User and Group Settings,Ensure no duplicate user names exist,Linux,9.a.xx
F-LNX-921,System Maintenance,Local User and Group Settings,Ensure no duplicate group names exist,Linux,9.a.xxi
F-LNX-922,System Maintenance,Local User and Group Settings,Ensure local interactive user home directories are configured,Linux,9.a.xxii
F-LNX-923,System Maintenance,Local User and Group Settings,Ensure local interactive user dot files access is configured,Linux,9.a.xxiii
